{
  "/api/v2/nature/impish" : {
    "transaction" : "/api/v2/nature/impish",
    "sampleCount" : 30,
    "errorCount" : 0,
    "errorPct" : 0.0,
    "meanResTime" : 35.533333333333346,
    "medianResTime" : 22.5,
    "minResTime" : 19.0,
    "maxResTime" : 129.0,
    "pct1ResTime" : 112.00000000000004,
    "pct2ResTime" : 122.94999999999999,
    "pct3ResTime" : 129.0,
    "throughput" : 0.3420167588211822,
    "receivedKBytesPerSec" : 1.0313497548879895,
    "sentKBytesPerSec" : 0.04509010003990195
  },
  "/api/v2/pokemon/crobat" : {
    "transaction" : "/api/v2/pokemon/crobat",
    "sampleCount" : 31,
    "errorCount" : 0,
    "errorPct" : 0.0,
    "meanResTime" : 119.74193548387095,
    "medianResTime" : 66.0,
    "minResTime" : 44.0,
    "maxResTime" : 540.0,
    "pct1ResTime" : 440.60000000000014,
    "pct2ResTime" : 500.9999999999999,
    "pct3ResTime" : 540.0,
    "throughput" : 0.3450770857683531,
    "receivedKBytesPerSec" : 65.67987490955642,
    "sentKBytesPerSec" : 0.0458305504536094
  },
  "/api/v2/pokemon/jolteon" : {
    "transaction" : "/api/v2/pokemon/jolteon",
    "sampleCount" : 30,
    "errorCount" : 0,
    "errorPct" : 0.0,
    "meanResTime" : 128.63333333333338,
    "medianResTime" : 72.5,
    "minResTime" : 49.0,
    "maxResTime" : 547.0,
    "pct1ResTime" : 459.1000000000001,
    "pct2ResTime" : 504.65,
    "pct3ResTime" : 547.0,
    "throughput" : 0.34367016828382574,
    "receivedKBytesPerSec" : 74.5449569803707,
    "sentKBytesPerSec" : 0.045979309623910274
  },
  "/api/v2/type/ghost" : {
    "transaction" : "/api/v2/type/ghost",
    "sampleCount" : 30,
    "errorCount" : 0,
    "errorPct" : 0.0,
    "meanResTime" : 31.36666666666667,
    "medianResTime" : 28.0,
    "minResTime" : 23.0,
    "maxResTime" : 99.0,
    "pct1ResTime" : 37.900000000000006,
    "pct2ResTime" : 67.09999999999997,
    "pct3ResTime" : 99.0,
    "throughput" : 0.34227039361095263,
    "receivedKBytesPerSec" : 5.277871862521391,
    "sentKBytesPerSec" : 0.04412079292641186
  },
  "/api/v2/pokemon/togekiss" : {
    "transaction" : "/api/v2/pokemon/togekiss",
    "sampleCount" : 30,
    "errorCount" : 0,
    "errorPct" : 0.0,
    "meanResTime" : 111.6,
    "medianResTime" : 60.5,
    "minResTime" : 46.0,
    "maxResTime" : 429.0,
    "pct1ResTime" : 402.4000000000001,
    "pct2ResTime" : 424.6,
    "pct3ResTime" : 429.0,
    "throughput" : 0.3407309815323808,
    "receivedKBytesPerSec" : 49.42881863599709,
    "sentKBytesPerSec" : 0.045918823683074754
  },
  "/api/v2/nature/modest" : {
    "transaction" : "/api/v2/nature/modest",
    "sampleCount" : 30,
    "errorCount" : 0,
    "errorPct" : 0.0,
    "meanResTime" : 35.233333333333334,
    "medianResTime" : 23.0,
    "minResTime" : 20.0,
    "maxResTime" : 135.0,
    "pct1ResTime" : 107.20000000000002,
    "pct2ResTime" : 125.64999999999999,
    "pct3ResTime" : 135.0,
    "throughput" : 0.33651149747616377,
    "receivedKBytesPerSec" : 1.0125359296130116,
    "sentKBytesPerSec" : 0.044364308749298934
  },
  "/api/v2/nature/hasty" : {
    "transaction" : "/api/v2/nature/hasty",
    "sampleCount" : 30,
    "errorCount" : 0,
    "errorPct" : 0.0,
    "meanResTime" : 30.033333333333335,
    "medianResTime" : 23.0,
    "minResTime" : 19.0,
    "maxResTime" : 112.0,
    "pct1ResTime" : 69.50000000000007,
    "pct2ResTime" : 97.69999999999999,
    "pct3ResTime" : 112.0,
    "throughput" : 0.34528399608678134,
    "receivedKBytesPerSec" : 1.0561958695401967,
    "sentKBytesPerSec" : 0.04518364792541865
  },
  "/api/v2/nature/bold" : {
    "transaction" : "/api/v2/nature/bold",
    "sampleCount" : 31,
    "errorCount" : 0,
    "errorPct" : 0.0,
    "meanResTime" : 28.87096774193548,
    "medianResTime" : 22.0,
    "minResTime" : 20.0,
    "maxResTime" : 102.0,
    "pct1ResTime" : 61.00000000000003,
    "pct2ResTime" : 84.59999999999997,
    "pct3ResTime" : 102.0,
    "throughput" : 0.3462371836397346,
    "receivedKBytesPerSec" : 1.0363228808329796,
    "sentKBytesPerSec" : 0.04497025920320772
  },
  "/api/v2/stat/defense" : {
    "transaction" : "/api/v2/stat/defense",
    "sampleCount" : 30,
    "errorCount" : 0,
    "errorPct" : 0.0,
    "meanResTime" : 28.26666666666667,
    "medianResTime" : 23.0,
    "minResTime" : 20.0,
    "maxResTime" : 118.0,
    "pct1ResTime" : 28.800000000000004,
    "pct2ResTime" : 95.99999999999997,
    "pct3ResTime" : 118.0,
    "throughput" : 0.3370862266567788,
    "receivedKBytesPerSec" : 2.242654856008,
    "sentKBytesPerSec" : 0.04411089294141441
  },
  "/api/v2/nature/naughty" : {
    "transaction" : "/api/v2/nature/naughty",
    "sampleCount" : 30,
    "errorCount" : 0,
    "errorPct" : 0.0,
    "meanResTime" : 28.633333333333333,
    "medianResTime" : 23.0,
    "minResTime" : 20.0,
    "maxResTime" : 83.0,
    "pct1ResTime" : 68.8000000000001,
    "pct2ResTime" : 82.45,
    "pct3ResTime" : 83.0,
    "throughput" : 0.3400589435502154,
    "receivedKBytesPerSec" : 1.0262651255384267,
    "sentKBytesPerSec" : 0.04516407844026298
  },
  "/api/v2/type/electric" : {
    "transaction" : "/api/v2/type/electric",
    "sampleCount" : 30,
    "errorCount" : 0,
    "errorPct" : 0.0,
    "meanResTime" : 29.799999999999997,
    "medianResTime" : 27.0,
    "minResTime" : 24.0,
    "maxResTime" : 45.0,
    "pct1ResTime" : 39.60000000000001,
    "pct2ResTime" : 44.45,
    "pct3ResTime" : 45.0,
    "throughput" : 0.34561415635584436,
    "receivedKBytesPerSec" : 5.6705247646943615,
    "sentKBytesPerSec" : 0.04556436631644432
  },
  "/api/v2/stat/hp" : {
    "transaction" : "/api/v2/stat/hp",
    "sampleCount" : 30,
    "errorCount" : 0,
    "errorPct" : 0.0,
    "meanResTime" : 22.866666666666667,
    "medianResTime" : 22.0,
    "minResTime" : 18.0,
    "maxResTime" : 41.0,
    "pct1ResTime" : 25.900000000000002,
    "pct2ResTime" : 34.94999999999999,
    "pct3ResTime" : 41.0,
    "throughput" : 0.3456738912509938,
    "receivedKBytesPerSec" : 0.7975142266410867,
    "sentKBytesPerSec" : 0.043546808565799025
  },
  "/api/v2/type/fire" : {
    "transaction" : "/api/v2/type/fire",
    "sampleCount" : 30,
    "errorCount" : 0,
    "errorPct" : 0.0,
    "meanResTime" : 30.06666666666666,
    "medianResTime" : 27.5,
    "minResTime" : 23.0,
    "maxResTime" : 70.0,
    "pct1ResTime" : 37.7,
    "pct2ResTime" : 53.49999999999998,
    "pct3ResTime" : 70.0,
    "throughput" : 0.3397893306150187,
    "receivedKBytesPerSec" : 5.697079139058783,
    "sentKBytesPerSec" : 0.04346914288141352
  },
  "/api/v2/stat/evasion" : {
    "transaction" : "/api/v2/stat/evasion",
    "sampleCount" : 30,
    "errorCount" : 0,
    "errorPct" : 0.0,
    "meanResTime" : 24.26666666666667,
    "medianResTime" : 22.0,
    "minResTime" : 17.0,
    "maxResTime" : 39.0,
    "pct1ResTime" : 34.0,
    "pct2ResTime" : 36.8,
    "pct3ResTime" : 39.0,
    "throughput" : 0.3416739746933476,
    "receivedKBytesPerSec" : 0.8310062725647188,
    "sentKBytesPerSec" : 0.044711242782137284
  },
  "/api/v2/type/poison" : {
    "transaction" : "/api/v2/type/poison",
    "sampleCount" : 31,
    "errorCount" : 0,
    "errorPct" : 0.0,
    "meanResTime" : 31.032258064516128,
    "medianResTime" : 27.0,
    "minResTime" : 23.0,
    "maxResTime" : 120.0,
    "pct1ResTime" : 40.400000000000006,
    "pct2ResTime" : 74.99999999999989,
    "pct3ResTime" : 120.0,
    "throughput" : 0.34653908066535505,
    "receivedKBytesPerSec" : 5.385023433307995,
    "sentKBytesPerSec" : 0.04500947043798068
  },
  "Total" : {
    "transaction" : "Total",
    "sampleCount" : 604,
    "errorCount" : 30,
    "errorPct" : 4.9668875,
    "meanResTime" : 49.397350993377444,
    "medianResTime" : 26.0,
    "minResTime" : 17.0,
    "maxResTime" : 547.0,
    "pct1ResTime" : 80.0,
    "pct2ResTime" : 118.0,
    "pct3ResTime" : 470.0,
    "throughput" : 6.718127822392277,
    "receivedKBytesPerSec" : 288.2065278596534,
    "sentKBytesPerSec" : 0.8800858674615709
  },
  "/api/v2/pokemon/agumon" : {
    "transaction" : "/api/v2/pokemon/agumon",
    "sampleCount" : 30,