{
  "/api/v2/pokedex/kanto" : {
    "transaction" : "/api/v2/pokedex/kanto",
    "sampleCount" : 38,
    "errorCount" : 0,
    "errorPct" : 0.0,
    "meanResTime" : 28.894736842105257,
    "medianResTime" : 25.0,
    "minResTime" : 22.0,
    "maxResTime" : 52.0,
    "pct1ResTime" : 47.2,
    "pct2ResTime" : 51.05,
    "pct3ResTime" : 52.0,
    "throughput" : 0.4261953096084611,
    "receivedKBytesPerSec" : 8.013505764852345,
    "sentKBytesPerSec" : 0.05618785820033423
  },
  "/api/v2/pokedex/hoenn" : {
    "transaction" : "/api/v2/pokedex/hoenn",
    "sampleCount" : 38,
    "errorCount" : 0,
    "errorPct" : 0.0,
    "meanResTime" : 31.131578947368432,
    "medianResTime" : 29.0,
    "minResTime" : 23.0,
    "maxResTime" : 52.0,
    "pct1ResTime" : 45.2,
    "pct2ResTime" : 48.19999999999999,
    "pct3ResTime" : 52.0,
    "throughput" : 0.42332286166254485,
    "receivedKBytesPerSec" : 10.257376644553617,
    "sentKBytesPerSec" : 0.055809166332464404
  },
  "/api/v2/pokedex/national" : {
    "transaction" : "/api/v2/pokedex/national",
    "sampleCount" : 38,
    "errorCount" : 0,
    "errorPct" : 0.0,
    "meanResTime" : 54.47368421052631,
    "medianResTime" : 44.0,
    "minResTime" : 34.0,
    "maxResTime" : 117.0,
    "pct1ResTime" : 112.1,
    "pct2ResTime" : 114.14999999999999,
    "pct3ResTime" : 117.0,
    "throughput" : 0.4291651608239971,
    "receivedKBytesPerSec" : 48.89886578283114,
    "sentKBytesPerSec" : 0.057836711126671485
  },
  "Total" : {
    "transaction" : "Total",
    "sampleCount" : 302,
    "errorCount" : 37,
    "errorPct" : 12.251656,
    "meanResTime" : 49.01324503311262,
    "medianResTime" : 30.5,
    "minResTime" : 19.0,
    "maxResTime" : 234.0,
    "pct1ResTime" : 80.0,
    "pct2ResTime" : 206.84999999999997,
    "pct3ResTime" : 229.96999999999997,
    "throughput" : 3.3570848942295934,
    "receivedKBytesPerSec" : 102.4555283518047,
    "sentKBytesPerSec" : 0.44378941031469893
  },
  "/api/v2/generation/1" : {
    "transaction" : "/api/v2/generation/1",
    "sampleCount" : 38,
    "errorCount" : 0,
    "errorPct" : 0.0,
    "meanResTime" : 59.86842105263158,
    "medianResTime" : 31.5,
    "minResTime" : 26.0,
    "maxResTime" : 216.0,
    "pct1ResTime" : 206.1,
    "pct2ResTime" : 213.14999999999998,
    "pct3ResTime" : 216.0,
    "throughput" : 0.42836690752911205,
    "receivedKBytesPerSec" : 10.426978061696108,
    "sentKBytesPerSec" : 0.05605582578994239
  },
  "/api/v2/generation/3" : {
    "transaction" : "/api/v2/generation/3",
    "sampleCount" : 38,
    "errorCount" : 0,
    "errorPct" : 0.0,
    "meanResTime" : 61.368421052631575,
    "medianResTime" : 33.0,
    "minResTime" : 27.0,
    "maxResTime" : 234.0,
    "pct1ResTime" : 196.00000000000003,
    "pct2ResTime" : 231.14999999999998,
    "pct3ResTime" : 234.0,
    "throughput" : 0.42253677737871526,
    "receivedKBytesPerSec" : 10.614086493556313,
    "sentKBytesPerSec" : 0.05529289860229281
  },
  "/api/v2/generation/2" : {
    "transaction" : "/api/v2/generation/2",
    "sampleCount" : 38,
    "errorCount" : 0,
    "errorPct" : 0.0,
    "meanResTime" : 59.97368421052631,
    "medianResTime" : 30.5,
    "minResTime" : 24.0,
    "maxResTime" : 230.0,
    "pct1ResTime" : 213.70000000000002,
    "pct2ResTime" : 229.05,
    "pct3ResTime" : 230.0,
    "throughput" : 0.4254032935170777,
    "receivedKBytesPerSec" : 6.44887429052806,
    "sentKBytesPerSec" : 0.05566800911258634
  },
  "/api/v2/pokedex/digiworld" : {
    "transaction" : "/api/v2/pokedex/digiworld",
    "sampleCount" : 37,
    "errorCount" : 37,
    "errorPct" : 100.0,
    "meanResTime" : 35.86486486486487,
    "medianResTime" : 23.0,
    "minResTime" : 19.0,
    "maxResTime" : 228.0,
    "pct1ResTime" : 46.2,
    "pct2ResTime" : 207.30000000000004,
    "pct3ResTime" : 228.0,
    "throughput" : 0.4206553127629096,
    "receivedKBytesPerSec" : 0.40877553065099254,
    "sentKBytesPerSec" : 0.05710067233793401
  },
  "/api/v2/generation/4" : {
    "transaction" : "/api/v2/generation/4",
    "sampleCount" : 37,
    "errorCount" : 0,
    "errorPct" : 0.0,
    "meanResTime" : 60.48648648648646,
    "medianResTime" : 30.0,
    "minResTime" : 25.0,
    "maxResTime" : 224.0,
    "pct1ResTime" : 212.40000000000003,
    "pct2ResTime" : 222.2,
    "pct3ResTime" : 224.0,
    "throughput" : 0.4198533917345619,
    "receivedKBytesPerSec" : 8.62745085871366,
    "sentKBytesPerSec" : 0.05494175243401493
  }
}