{
  "/api/v2/berry-flavor/spicy" : {
    "transaction" : "/api/v2/berry-flavor/spicy",
    "sampleCount" : 51,
    "errorCount" : 0,
    "errorPct" : 0.0,
    "meanResTime" : 24.117647058823525,
    "medianResTime" : 23.0,
    "minResTime" : 19.0,
    "maxResTime" : 46.0,
    "pct1ResTime" : 29.800000000000004,
    "pct2ResTime" : 32.4,
    "pct3ResTime" : 46.0,
    "throughput" : 0.5681185251197505,
    "receivedKBytesPerSec" : 2.2858437708867108,
    "sentKBytesPerSec" : 0.07767245460621588
  },
  "/api/v2/berry/iapapa" : {
    "transaction" : "/api/v2/berry/iapapa",
    "sampleCount" : 50,
    "errorCount" : 0,
    "errorPct" : 0.0,
    "meanResTime" : 50.080000000000005,
    "medianResTime" : 26.0,
    "minResTime" : 21.0,
    "maxResTime" : 176.0,
    "pct1ResTime" : 158.0,
    "pct2ResTime" : 173.45,
    "pct3ResTime" : 176.0,
    "throughput" : 0.5635961945984941,
    "receivedKBytesPerSec" : 1.0575794529735336,
    "sentKBytesPerSec" : 0.07375184577753731
  },
  "/api/v2/berry-firmness/soft" : {
    "transaction" : "/api/v2/berry-firmness/soft",
    "sampleCount" : 51,
    "errorCount" : 0,
    "errorPct" : 0.0,
    "meanResTime" : 24.70588235294118,
    "medianResTime" : 23.0,
    "minResTime" : 19.0,
    "maxResTime" : 39.0,
    "pct1ResTime" : 30.0,
    "pct2ResTime" : 34.99999999999999,
    "pct3ResTime" : 39.0,
    "throughput" : 0.568112196589099,
    "receivedKBytesPerSec" : 1.5571086779138028,
    "sentKBytesPerSec" : 0.07822638644439742
  },
  "Total" : {
    "transaction" : "Total",
    "sampleCount" : 453,
    "errorCount" : 0,
    "errorPct" : 0.0,
    "meanResTime" : 32.980132450331126,
    "medianResTime" : 24.0,
    "minResTime" : 19.0,
    "maxResTime" : 181.0,
    "pct1ResTime" : 42.40000000000009,
    "pct2ResTime" : 84.49999999999977,
    "pct3ResTime" : 175.0,
    "throughput" : 5.03607519649587,
    "receivedKBytesPerSec" : 14.243062716089872,
    "sentKBytesPerSec" : 0.6803183121921936
  },
  "/api/v2/berry/razz" : {
    "transaction" : "/api/v2/berry/razz",
    "sampleCount" : 50,
    "errorCount" : 0,
    "errorPct" : 0.0,
    "meanResTime" : 48.7,
    "medianResTime" : 26.0,
    "minResTime" : 20.0,
    "maxResTime" : 181.0,
    "pct1ResTime" : 155.9,
    "pct2ResTime" : 175.0,
    "pct3ResTime" : 181.0,
    "throughput" : 0.5598665278197678,
    "receivedKBytesPerSec" : 1.0612095076533754,
    "sentKBytesPerSec" : 0.07217029460176694
  },
  "/api/v2/berry-flavor/dry" : {
    "transaction" : "/api/v2/berry-flavor/dry",
    "sampleCount" : 50,
    "errorCount" : 0,
    "errorPct" : 0.0,
    "meanResTime" : 24.24,
    "medianResTime" : 23.5,
    "minResTime" : 20.0,
    "maxResTime" : 34.0,
    "pct1ResTime" : 30.0,
    "pct2ResTime" : 31.0,
    "pct3ResTime" : 34.0,
    "throughput" : 0.560720413587377,
    "receivedKBytesPerSec" : 2.3034000333628644,
    "sentKBytesPerSec" : 0.07556583698736136
  },
  "/api/v2/berry-firmness/hard" : {
    "transaction" : "/api/v2/berry-firmness/hard",
    "sampleCount" : 50,
    "errorCount" : 0,
    "errorPct" : 0.0,
    "meanResTime" : 23.080000000000005,
    "medianResTime" : 22.0,
    "minResTime" : 20.0,
    "maxResTime" : 38.0,
    "pct1ResTime" : 28.0,
    "pct2ResTime" : 32.34999999999999,
    "pct3ResTime" : 38.0,
    "throughput" : 0.5607078375741537,
    "receivedKBytesPerSec" : 1.4347111793928655,
    "sentKBytesPerSec" : 0.07720684091597232
  },
  "/api/v2/berry-firmness/very-hard" : {
    "transaction" : "/api/v2/berry-firmness/very-hard",
    "sampleCount" : 50,
    "errorCount" : 0,
    "errorPct" : 0.0,
    "meanResTime" : 24.18,
    "medianResTime" : 23.0,
    "minResTime" : 20.0,
    "maxResTime" : 39.0,
    "pct1ResTime" : 31.0,
    "pct2ResTime" : 34.0,
    "pct3ResTime" : 39.0,
    "throughput" : 0.5644615037254459,
    "receivedKBytesPerSec" : 1.3228574276078122,
    "sentKBytesPerSec" : 0.0804798628358546
  },
  "/api/v2/berry/pinap" : {
    "transaction" : "/api/v2/berry/pinap",
    "sampleCount" : 51,
    "errorCount" : 0,
    "errorPct" : 0.0,
    "meanResTime" : 52.09803921568627,
    "medianResTime" : 26.0,
    "minResTime" : 20.0,
    "maxResTime" : 175.0,
    "pct1ResTime" : 158.8,
    "pct2ResTime" : 174.4,
    "pct3ResTime" : 175.0,
    "throughput" : 0.5673096175665755,
    "receivedKBytesPerSec" : 1.0668775306458431,
    "sentKBytesPerSec" : 0.07368376868784624
  },
  "/api/v2/berry-flavor/sweet" : {
    "transaction" : "/api/v2/berry-flavor/sweet",
    "sampleCount" : 50,
    "errorCount" : 0,
    "errorPct" : 0.0,
    "meanResTime" : 25.57999999999999,
    "medianResTime" : 24.5,
    "minResTime" : 20.0,
    "maxResTime" : 47.0,
    "pct1ResTime" : 31.799999999999997,
    "pct2ResTime" : 38.94999999999995,
    "pct3ResTime" : 47.0,
    "throughput" : 0.564410529642841,
    "receivedKBytesPerSec" : 2.2708925376461826,
    "sentKBytesPerSec" : 0.07716550209960718
  }
}