{
  "/api/v2/contest-type/cool/" : {
    "transaction" : "/api/v2/contest-type/cool/",
    "sampleCount" : 31,
    "errorCount" : 0,
    "errorPct" : 0.0,
    "meanResTime" : 47.516129032258064,
    "medianResTime" : 27.0,
    "minResTime" : 20.0,
    "maxResTime" : 149.0,
    "pct1ResTime" : 142.8,
    "pct2ResTime" : 146.6,
    "pct3ResTime" : 149.0,
    "throughput" : 0.3455425017277125,
    "receivedKBytesPerSec" : 0.5939229454154312,
    "sentKBytesPerSec" : 0.04724213890808569
  },
  "/api/v2/contest-type/cute/" : {
    "transaction" : "/api/v2/contest-type/cute/",
    "sampleCount" : 30,
    "errorCount" : 0,
    "errorPct" : 0.0,
    "meanResTime" : 46.63333333333333,
    "medianResTime" : 25.5,
    "minResTime" : 21.0,
    "maxResTime" : 150.0,
    "pct1ResTime" : 140.70000000000002,
    "pct2ResTime" : 146.7,
    "pct3ResTime" : 150.0,
    "throughput" : 0.34047189404514655,
    "receivedKBytesPerSec" : 0.5846097482777797,
    "sentKBytesPerSec" : 0.046548891763984884
  },
  "/api/v2/contest-type/tough/" : {
    "transaction" : "/api/v2/contest-type/tough/",
    "sampleCount" : 30,
    "errorCount" : 0,
    "errorPct" : 0.0,
    "meanResTime" : 48.83333333333333,
    "medianResTime" : 29.0,
    "minResTime" : 21.0,
    "maxResTime" : 147.0,
    "pct1ResTime" : 146.8,
    "pct2ResTime" : 147.0,
    "pct3ResTime" : 147.0,
    "throughput" : 0.335950010638417,
    "receivedKBytesPerSec" : 0.5773703372938106,
    "sentKBytesPerSec" : 0.04625874169923515
  },
  "/api/v2/super-contest-effect/${superrEffect}/" : {
    "transaction" : "/api/v2/super-contest-effect/${superrEffect}/",
    "sampleCount" : 151,
    "errorCount" : 30,
    "errorPct" : 19.86755,
    "meanResTime" : 28.847682119205302,
    "medianResTime" : 23.0,
    "minResTime" : 19.0,
    "maxResTime" : 225.0,
    "pct1ResTime" : 29.80000000000001,
    "pct2ResTime" : 33.0,
    "pct3ResTime" : 218.23999999999987,
    "throughput" : 1.6852678571428572,
    "receivedKBytesPerSec" : 4.3894195556640625,
    "sentKBytesPerSec" : 0.3126961844308036
  },
  "Total" : {
    "transaction" : "Total",
    "sampleCount" : 453,
    "errorCount" : 30,
    "errorPct" : 6.6225166,
    "meanResTime" : 33.84547461368654,
    "medianResTime" : 23.0,
    "minResTime" : 19.0,
    "maxResTime" : 225.0,
    "pct1ResTime" : 58.000000000000114,
    "pct2ResTime" : 138.89999999999986,
    "pct3ResTime" : 170.01999999999924,
    "throughput" : 5.046678995566052,
    "receivedKBytesPerSec" : 10.169612158402218,
    "sentKBytesPerSec" : 0.7668499406764555
  },
  "/api/v2/contest-type/beauty/" : {
    "transaction" : "/api/v2/contest-type/beauty/",
    "sampleCount" : 30,
    "errorCount" : 0,
    "errorPct" : 0.0,
    "meanResTime" : 48.69999999999999,
    "medianResTime" : 26.5,
    "minResTime" : 22.0,
    "maxResTime" : 149.0,
    "pct1ResTime" : 144.9,
    "pct2ResTime" : 149.0,
    "pct3ResTime" : 149.0,
    "throughput" : 0.34284538815812027,
    "receivedKBytesPerSec" : 0.5886182116613144,
    "sentKBytesPerSec" : 0.04754301281098934
  },
  "/api/v2/contest-type/5" : {
    "transaction" : "/api/v2/contest-type/5",
    "sampleCount" : 30,
    "errorCount" : 0,
    "errorPct" : 0.0,
    "meanResTime" : 26.8,
    "medianResTime" : 22.0,
    "minResTime" : 20.0,
    "maxResTime" : 80.0,
    "pct1ResTime" : 35.0,
    "pct2ResTime" : 55.79999999999997,
    "pct3ResTime" : 80.0,
    "throughput" : 0.33640961234399,
    "receivedKBytesPerSec" : 0.5784887428933468,
    "sentKBytesPerSec" : 0.04467940163943617
  },
  "/api/v2/contest-type/4" : {
    "transaction" : "/api/v2/contest-type/4",
    "sampleCount" : 30,
    "errorCount" : 0,
    "errorPct" : 0.0,
    "meanResTime" : 22.733333333333334,
    "medianResTime" : 22.0,
    "minResTime" : 19.0,
    "maxResTime" : 31.0,
    "pct1ResTime" : 29.60000000000001,
    "pct2ResTime" : 31.0,
    "pct3ResTime" : 31.0,
    "throughput" : 0.33868837282816083,
    "receivedKBytesPerSec" : 0.5817237403614934,
    "sentKBytesPerSec" : 0.04498204951624011
  },
  "/api/v2/contest-type/smart/" : {
    "transaction" : "/api/v2/contest-type/smart/",
    "sampleCount" : 30,
    "errorCount" : 0,
    "errorPct" : 0.0,
    "meanResTime" : 50.133333333333326,
    "medianResTime" : 26.0,
    "minResTime" : 21.0,
    "maxResTime" : 153.0,
    "pct1ResTime" : 150.5,
    "pct2ResTime" : 152.45,
    "pct3ResTime" : 153.0,
    "throughput" : 0.33821490174857105,
    "receivedKBytesPerSec" : 0.5811086895863632,
    "sentKBytesPerSec" : 0.04657060658842629
  },
  "/api/v2/contest-type/3" : {
    "transaction" : "/api/v2/contest-type/3",
    "sampleCount" : 30,
    "errorCount" : 0,
    "errorPct" : 0.0,
    "meanResTime" : 23.46666666666667,
    "medianResTime" : 22.0,
    "minResTime" : 20.0,
    "maxResTime" : 37.0,
    "pct1ResTime" : 30.700000000000006,
    "pct2ResTime" : 36.45,
    "pct3ResTime" : 37.0,
    "throughput" : 0.3409129649200559,
    "receivedKBytesPerSec" : 0.5911599492607871,
    "sentKBytesPerSec" : 0.04527750315344493
  },
  "/api/v2/contest-type/2" : {
    "transaction" : "/api/v2/contest-type/2",
    "sampleCount" : 30,
    "errorCount" : 0,
    "errorPct" : 0.0,
    "meanResTime" : 23.86666666666667,
    "medianResTime" : 21.0,
    "minResTime" : 20.0,
    "maxResTime" : 45.0,
    "pct1ResTime" : 32.900000000000006,
    "pct2ResTime" : 39.49999999999999,
    "pct3ResTime" : 45.0,
    "throughput" : 0.3431198746468725,
    "receivedKBytesPerSec" : 0.59375822058033,
    "sentKBytesPerSec" : 0.04557060835153774
  },
  "/api/v2/contest-type/1" : {
    "transaction" : "/api/v2/contest-type/1",
    "sampleCount" : 31,
    "errorCount" : 0,
    "errorPct" : 0.0,
    "meanResTime" : 24.774193548387096,
    "medianResTime" : 23.0,
    "minResTime" : 19.0,
    "maxResTime" : 40.0,
    "pct1ResTime" : 35.2,
    "pct2ResTime" : 37.599999999999994,
    "pct3ResTime" : 40.0,
    "throughput" : 0.34597055902146134,
    "receivedKBytesPerSec" : 0.5925879295336094,
    "sentKBytesPerSec" : 0.045949214870037836
  }
}