{
  "Delete Board" : {
    "transaction" : "Delete Board",
    "sampleCount" : 1,
    "errorCount" : 0,
    "errorPct" : 0.0,
    "meanResTime" : 1146.0,
    "medianResTime" : 1146.0,
    "minResTime" : 1146.0,
    "maxResTime" : 1146.0,
    "pct1ResTime" : 1146.0,
    "pct2ResTime" : 1146.0,
    "pct3ResTime" : 1146.0,
    "throughput" : 0.8726003490401396,
    "receivedKBytesPerSec" : 1.6898110274869111,
    "sentKBytesPerSec" : 0.30506926265270506
  },
  "Total" : {
    "transaction" : "Total",
    "sampleCount" : 4,
    "errorCount" : 0,
    "errorPct" : 0.0,
    "meanResTime" : 629.75,
    "medianResTime" : 589.5,
    "minResTime" : 194.0,
    "maxResTime" : 1146.0,
    "pct1ResTime" : 1146.0,
    "pct2ResTime" : 1146.0,
    "pct3ResTime" : 1146.0,
    "throughput" : 1.5854141894569957,
    "receivedKBytesPerSec" : 5.1169862267142285,
    "sentKBytesPerSec" : 0.5217622869599683
  },
  "Update Board" : {
    "transaction" : "Update Board",
    "sampleCount" : 1,
    "errorCount" : 0,
    "errorPct" : 0.0,
    "meanResTime" : 202.0,
    "medianResTime" : 202.0,
    "minResTime" : 202.0,
    "maxResTime" : 202.0,
    "pct1ResTime" : 202.0,
    "pct2ResTime" : 202.0,
    "pct3ResTime" : 202.0,
    "throughput" : 4.9504950495049505,
    "receivedKBytesPerSec" : 17.790841584158414,
    "sentKBytesPerSec" : 1.7162360767326732
  },
  "Get Board" : {
    "transaction" : "Get Board",
    "sampleCount" : 1,
    "errorCount" : 0,
    "errorPct" : 0.0,
    "meanResTime" : 194.0,
    "medianResTime" : 194.0,
    "minResTime" : 194.0,
    "maxResTime" : 194.0,
    "pct1ResTime" : 194.0,
    "pct2ResTime" : 194.0,
    "pct3ResTime" : 194.0,
    "throughput" : 5.154639175257732,
    "receivedKBytesPerSec" : 19.289626288659793,
    "sentKBytesPerSec" : 1.369201030927835
  },
  "Create Board" : {
    "transaction" : "Create Board",
    "sampleCount" : 1,
    "errorCount" : 0,
    "errorPct" : 0.0,
    "meanResTime" : 977.0,
    "medianResTime" : 977.0,
    "minResTime" : 977.0,
    "maxResTime" : 977.0,
    "pct1ResTime" : 977.0,
    "pct2ResTime" : 977.0,
    "pct3ResTime" : 977.0,
    "throughput" : 1.0235414534288638,
    "receivedKBytesPerSec" : 3.7233319472876154,
    "sentKBytesPerSec" : 0.36283744882292734
  }
}